Question ID,Question Text,Option 1,Option 2,Option 3,Option 4,Correct Answer
1,"You're leading a project team that's facing a tight deadline. One team member consistently underperforms and misses deadlines, impacting the entire team's progress. How would you address this issue?",Ignore the underperformance and focus on completing the project,Confront the team member privately and offer support to improve performance,Publicly criticize the team member to motivate them to work harder,Replace the team member immediately,2
2,You're tasked with introducing a new product to the market. How would you develop a marketing strategy that effectively differentiates the product from competitors and resonates with the target audience?,"Conduct market research to identify customer needs and preferences, then tailor the marketing strategy accordingly",Copy the marketing strategies of successful competitors,Focus solely on the product's features without considering customer feedback,Focus solely on the product's features without considering customer feedback,1
3,Why is critical thinking important in the workplace?,It encourages conformity,It promotes innovation and problem-solving,It discourages teamwork,It increases bureaucracy,2
4,What strategy would you employ to solve a challenging problem at work?,Avoid the problem and hope it goes away,Seek advice from colleagues,Panic and make rash decisions,Conduct a thorough analysis and collaborate with others to find a solution,4
5,How would you interpret sales data to make recommendations for improvement?,By ignoring the data,By guessing,By analyzing trends and patterns,By relying solely on intuition,3
6,Why is attention to detail important in your work?,It leads to inefficiency,It ensures accuracy and quality,It promotes mistakes,It encourages shortcuts,2
7,How do you prioritize tasks when faced with multiple deadlines?,By procrastinating,By randomly selecting tasks,"By prioritizing based on urgency, importance, and deadlines",By avoiding deadlines altogether,3
8,Why are effective communication skills important in the workplace?,They hinder collaboration,They create confusion,They promote understanding and teamwork,They encourage isolation,3
9,How do you foster creativity in your work or team?,By discouraging new ideas,By encouraging brainstorming and open discussions,By imposing strict rules and procedures,By avoiding risks,2
10,How do you contribute to a successful team project?,By working independently without collaborating with others,By communicating openly and sharing ideas,By dominating discussions and decision-making,By avoiding responsibilities,2
11,How do you respond to sudden changes or unexpected challenges in the workplace?,By resisting change and refusing to adapt,By seeking alternative solutions and remaining flexible,By blaming others for the challenges,By ignoring the challenges and hoping they go away,2
12,"When faced with a complex problem at work, what approach do you typically take?",Ignore the problem and hope it resolves itself,Seek advice from colleagues and supervisors,Break the problem down into manageable parts and develop a systematic solution,Panic and make impulsive decisions,3
13,What qualities do you believe are essential for effective leadership?,Authoritarianism and micromanagement,Indecisiveness and lack of direction,Favoritism and bias,"Empathy, integrity, and the ability to inspire others",4
14,Which of the following best describes your approach to problem-solving?,Exploring alternative perspectives and brainstorming creative solutions,Exploring alternative perspectives and brainstorming creative solutions,Relying strictly on conventional methods and solutions,Following a predetermined set of steps without deviation,1
15,How do you encourage innovation and creativity in your work environment?,By sticking to traditional methods and processes,By fostering a culture of experimentation and open communication,By discouraging new ideas and initiatives,By limiting collaboration and individual autonomy,2
16,How do you prioritize sustainability and environmental consciousness in your daily life?,I prioritize convenience over environmental concerns,I don't consider environmental issues in my decision-making,I actively seek eco-friendly alternatives and reduce waste,I believe environmental issues are not important,3
17,How do you approach solving complex problems that have no clear solution?,By relying on others to find solutions,By avoiding challenging problems altogether,By exploring unconventional approaches and embracing ambiguity,By sticking to conventional methods and established practices,3
18,"When faced with resistance to new ideas in a team setting, what is your typical response?",I advocate for the idea and present compelling arguments to overcome resistance,I give up on the idea and conform to the majority opinion,I avoid confrontation and keep quiet to maintain harmony,I ignore the resistance and proceed with the idea regardless,1
19,"As a manager, you're tasked with improving team collaboration and productivity. How would you create a positive work environment that fosters innovation and teamwork?","Encourage open communication, recognize individual contributions, and facilitate team-building activities",Micromanage team members to ensure productivity,Ignore team dynamics and focus solely on individual performance,Implement strict rules and procedures to ensure compliance,1
20,"In a high-stakes negotiation, you have two conflicting offers on the table: Offer A guarantees a steady income but lacks growth potential, while Offer B offers higher potential earnings but comes with higher risk. What factors would you consider in making your decision?",Only the potential earnings,Only the stability of income,"Both potential earnings and stability of income, weighing the risks and benefits","Neither, as negotiation is not my strong suit",3
